path	physicalLines	nonblankLines
SharpProof.Analyzer/AnalyzerDiagnosticCatalog.cs	79	79
SharpProof.Analyzer/AnalyzerDiagnosticSupport.cs	28	28
SharpProof.Analyzer/AnalyzerFeaturePipeline.cs	107	107
SharpProof.Analyzer/AnalyzerSession.cs	45	45
SharpProof.Analyzer/AnalyzerSyntaxHelpers.cs	58	58
SharpProof.Analyzer/AssemblyInfo.cs	4	4
SharpProof.Analyzer/Configuration/AnalyzerConfiguration.cs	74	74
SharpProof.Analyzer/Configuration/AnalyzerConfigurationOptionRegistry.cs	35	35
SharpProof.Analyzer/Configuration/ConfiguredEffectContractResolver.cs	98	98
SharpProof.Analyzer/ContractConditionHelpers.cs	100	100
SharpProof.Analyzer/EnforcePureContractAnalyzer.cs	20	20
SharpProof.Analyzer/Engine/Analysis/TypeHierarchyEnumeration.cs	25	25
SharpProof.Analyzer/Engine/ExecutionVisibility.Descendants.cs	17	17
SharpProof.Analyzer/ExceptionFlowAnalyzer.Contracts.cs	207	207
SharpProof.Analyzer/ExceptionFlowAnalyzer.cs	46	46
SharpProof.Analyzer/GlobalUsings.cs	19	19
SharpProof.Analyzer/InvalidContractArgumentDiagnostics.cs	5	5
SharpProof.Analyzer/MethodAllocationAnalyzer.cs	31	31
SharpProof.Analyzer/MethodAnalysisSnapshot.cs	37	37
SharpProof.Analyzer/MethodBodyAnalysisState.cs	114	114
SharpProof.Analyzer/MethodCapabilityAnalyzer.cs	46	46
SharpProof.Analyzer/MethodCompletionAnalysis.cs	75	75
SharpProof.Analyzer/MethodContractHierarchy.cs	50	50
SharpProof.Analyzer/MethodEnsuresAnalyzer.cs	352	352
SharpProof.Analyzer/MethodExpectedComplexityAnalyzer.cs	153	153
SharpProof.Analyzer/MethodRequiresAnalyzer.cs	228	228
SharpProof.Analyzer/NullableContractAnalyzer.cs	462	462
SharpProof.Analyzer/Polyfills/IsExternalInit.cs	5	5
SharpProof.Analyzer/RequiresContractHelpers.cs	126	126
SharpProof.Analyzer/SharpProofAnalyzer.cs	61	61
SharpProof.Analyzer/SharpProofAttributeIdentityPolicy.cs	35	35
SharpProof.Analyzer/SymbolAttributeTraversal.cs	12	12
SharpProof.Analyzer/SymbolEq.cs	13	13
SharpProof.Attributes/AllowedCapabilitiesAttribute.cs	5	5
SharpProof.Attributes/AllowedExceptionsAttribute.cs	6	6
SharpProof.Attributes/ComplexityKind.cs	28	28
SharpProof.Attributes/DoesNotThrowAttribute.cs	4	4
SharpProof.Attributes/EffectContractAttribute.cs	18	18
SharpProof.Attributes/EnforcePureAttribute.cs	4	4
SharpProof.Attributes/EnsuresAttribute.cs	6	6
SharpProof.Attributes/ExpectedComplexityAttribute.cs	5	5
SharpProof.Attributes/GlobalUsings.cs	1	1
SharpProof.Attributes/RequiresAttribute.cs	5	5
SharpProof.Attributes/SharpProofCapability.cs	18	18
SharpProof.Attributes/SharpProofEffect.cs	27	27
SharpProof.Attributes/ZeroAllocationsAttribute.cs	4	4
SharpProof.ProofCore/AnalysisProofQuery.cs	20	20
SharpProof.ProofCore/AnalysisProofSearch.cs	149	149
SharpProof.ProofCore/Collections/BoundedConcurrentCache.cs	82	82
SharpProof.ProofCore/GlobalUsings.cs	3	3
SharpProof.ProofCore/NullableAttributes.cs	14	14
SharpProof.ProofCore/Polyfills/IsExternalInit.cs	5	5
SharpProof.ProofCore/Properties/AssemblyInfo.cs	5	5
SharpProof.ProofCore/SmtFormula.cs	68	68
SharpProof.ProofCore/SmtFormulaTraversal.cs	131	131
SharpProof.ProofCore/SmtQuerySafety.cs	149	149
SharpProof.ProofCore/SmtRegexSemantics.cs	16	16
SharpProof.ProofCore/SmtRegexValidator.cs	29	29
SharpProof.ProofCore/SmtResourceBudget.cs	38	38
SharpProof.ProofCore/SmtSolver.cs	152	152
SharpProof.ProofCore/SmtWitness.cs	26	26
SharpProof.ProofCore/Z3FormulaEncoder.cs	337	337
SharpProof.ProofCore/Z3RegexCharacterRanges.cs	108	108
SharpProof.ProofCore/Z3RegexExpressionFactory.cs	43	43
SharpProof.ProofCore/Z3RegexPatternNormalizer.cs	264	264
SharpProof.ProofCore/Z3RegexTranslationResult.cs	10	10
SharpProof.ProofCore/Z3RegexTranslationValidator.cs	20	20
SharpProof.ProofCore/Z3RegexTranslator.cs	707	707
SharpProof.Symbolic/AnalyzerConfigurationValueReader.cs	31	31
SharpProof.Symbolic/AnalyzerUtilitiesFlowFacts.cs	31	28
SharpProof.Symbolic/CSharpSyntaxFacts.cs	209	209
SharpProof.Symbolic/CompilerMethodEffectAnalysis.cs	4975	4970
SharpProof.Symbolic/EcmaStructuralMethodIdentity.cs	181	181
SharpProof.Symbolic/EffectFlowValue.cs	220	216
SharpProof.Symbolic/GlobalUsings.cs	25	25
SharpProof.Symbolic/Ir/AnalyzerUtilitiesControlFlowAnalysis.cs	277	264
SharpProof.Symbolic/Ir/CompilerProgramPointAnalysis.cs	154	151
SharpProof.Symbolic/Ir/IControlFlowDomain.cs	13	12
SharpProof.Symbolic/Ir/KnownApiLoweringDescriptor.cs	31	31
SharpProof.Symbolic/Ir/SymbolicAsyncLowerer.cs	103	103
SharpProof.Symbolic/Ir/SymbolicCfgProgramPointStateCollector.Transfer.cs	276	276
SharpProof.Symbolic/Ir/SymbolicConversionLowerer.cs	295	295
SharpProof.Symbolic/Ir/SymbolicDeconstructionPlan.cs	37	37
SharpProof.Symbolic/Ir/SymbolicFrameworkPostconditionLowerer.cs	179	179
SharpProof.Symbolic/Ir/SymbolicIndexingLowerer.cs	1147	1147
SharpProof.Symbolic/Ir/SymbolicIr.cs	698	698
SharpProof.Symbolic/Ir/SymbolicIrFormulaEncoder.cs	356	356
SharpProof.Symbolic/Ir/SymbolicIrLowerer.Conditions.cs	72	72
SharpProof.Symbolic/Ir/SymbolicIrLowerer.cs	388	388
SharpProof.Symbolic/Ir/SymbolicIrReferenceScanner.cs	110	110
SharpProof.Symbolic/Ir/SymbolicIrSubstitution.cs	41	41
SharpProof.Symbolic/Ir/SymbolicIrTraversal.cs	171	171
SharpProof.Symbolic/Ir/SymbolicIrVersionRewriter.cs	73	73
SharpProof.Symbolic/Ir/SymbolicKnownApiLowerer.cs	96	96
SharpProof.Symbolic/Ir/SymbolicLoweringContext.cs	44	44
SharpProof.Symbolic/Ir/SymbolicLoweringResult.cs	23	23
SharpProof.Symbolic/Ir/SymbolicLoweringValue.cs	8	8
SharpProof.Symbolic/Ir/SymbolicLoweringValueFacts.cs	51	51
SharpProof.Symbolic/Ir/SymbolicMemberLowerer.cs	146	146
SharpProof.Symbolic/Ir/SymbolicNullableLowerer.cs	659	659
SharpProof.Symbolic/Ir/SymbolicNumericLowerer.cs	136	136
SharpProof.Symbolic/Ir/SymbolicObjectLowerer.cs	27	27
SharpProof.Symbolic/Ir/SymbolicOperationDescriptor.cs	48	48
SharpProof.Symbolic/Ir/SymbolicOperationLowerer.Assignments.cs	380	380
SharpProof.Symbolic/Ir/SymbolicOperationLowerer.cs	1240	1240
SharpProof.Symbolic/Ir/SymbolicOperationTransfer.cs	76	76
SharpProof.Symbolic/Ir/SymbolicOperationTransferKernel.cs	195	195
SharpProof.Symbolic/Ir/SymbolicOperationTransitionResult.cs	10	9
SharpProof.Symbolic/Ir/SymbolicOperatorLowerer.cs	108	108
SharpProof.Symbolic/Ir/SymbolicPatternLowerer.cs	690	690
SharpProof.Symbolic/Ir/SymbolicReachabilityLowerer.cs	95	94
SharpProof.Symbolic/Ir/SymbolicReferenceLowerer.cs	124	124
SharpProof.Symbolic/Ir/SymbolicRegexLowerer.cs	295	295
SharpProof.Symbolic/Ir/SymbolicSemanticPipeline.cs	279	279
SharpProof.Symbolic/Ir/SymbolicSourceCompletionLowerer.cs	37	37
SharpProof.Symbolic/Ir/SymbolicSourcePredicateLowerer.cs	457	457
SharpProof.Symbolic/Ir/SymbolicStateMerger.cs	61	61
SharpProof.Symbolic/Ir/SymbolicStatefulAssignmentTransfer.cs	262	262
SharpProof.Symbolic/Ir/SymbolicStringLengthLowerer.cs	259	259
SharpProof.Symbolic/Ir/SymbolicStringLowerer.cs	782	782
SharpProof.Symbolic/Ir/SymbolicTupleLowerer.cs	123	123
SharpProof.Symbolic/Ir/SymbolicTypeLowerer.cs	71	71
SharpProof.Symbolic/MetadataMethodEffectAnalyzer.cs	1234	1234
SharpProof.Symbolic/MethodBodyOperationResolver.cs	24	24
SharpProof.Symbolic/MethodEffectModels.cs	72	72
SharpProof.Symbolic/NullableFlowFacts.cs	496	496
SharpProof.Symbolic/Polyfills/IsExternalInit.cs	5	5
SharpProof.Symbolic/Properties/AssemblyInfo.cs	4	4
SharpProof.Symbolic/RoslynStructuralMethodIdentity.cs	150	150
SharpProof.Symbolic/SharpProofAnalysisApi.cs	553	553
SharpProof.Symbolic/Smt/CSharpMathPatternRecognizer.cs	37	37
SharpProof.Symbolic/Smt/SmtAnalysisBudget.cs	14	14
SharpProof.Symbolic/Smt/SmtAnalysisLifecycle.cs	25	25
SharpProof.Symbolic/Smt/SmtAnalysisOptions.cs	60	60
SharpProof.Symbolic/Smt/SmtAnalysisService.cs	314	314
SharpProof.Symbolic/Smt/SmtFormulaStructuralKey.cs	45	45
SharpProof.Symbolic/Smt/SmtNativeLibraryBootstrap.cs	83	83
SharpProof.Symbolic/Smt/SmtProofResultCache.cs	65	65
SharpProof.Symbolic/Smt/SmtProofSearchSessionPool.cs	44	44
SharpProof.Symbolic/Smt/SwitchPathConditionBuilder.cs	272	272
SharpProof.Symbolic/StructuralMethodIdentity.cs	65	65
SharpProof.Symbolic/SymbolCurrentValueResolver.cs	71	71
SharpProof.Symbolic/SymbolMutationFacts.cs	56	56
SharpProof.Symbolic/SymbolicAnalysisLimits.cs	70	70
SharpProof.Symbolic/SymbolicAnalysisTruncationEvents.cs	39	39
SharpProof.Symbolic/SymbolicAssignmentStateTransfer.cs	34	34
SharpProof.Symbolic/SymbolicComplexityAnalysisSession.cs	698	643
SharpProof.Symbolic/SymbolicComplexityModels.cs	96	96
SharpProof.Symbolic/SymbolicConditionProofEngine.cs	226	226
SharpProof.Symbolic/SymbolicDispatchFacts.cs	59	59
SharpProof.Symbolic/SymbolicDynamicNullBindingFacts.cs	50	50
SharpProof.Symbolic/SymbolicErrors.cs	114	114
SharpProof.Symbolic/SymbolicFactFactory.cs	94	94
SharpProof.Symbolic/SymbolicFormulaDisplay.cs	15	13
SharpProof.Symbolic/SymbolicInputWitness.cs	94	94
SharpProof.Symbolic/SymbolicInvariantService.cs	143	143
SharpProof.Symbolic/SymbolicKnownGuardFacts.cs	103	103
SharpProof.Symbolic/SymbolicLoopStateTransfer.cs	27	24
SharpProof.Symbolic/SymbolicMethodLikeDeclaration.cs	24	24
SharpProof.Symbolic/SymbolicMethodQueryInfrastructure.cs	162	162
SharpProof.Symbolic/SymbolicMutationInventory.cs	112	112
SharpProof.Symbolic/SymbolicProgramPointResult.cs	37	37
SharpProof.Symbolic/SymbolicProjectQueryContext.cs	63	63
SharpProof.Symbolic/SymbolicProofCache.cs	39	39
SharpProof.Symbolic/SymbolicProofEncoder.cs	170	170
SharpProof.Symbolic/SymbolicProofService.cs	240	240
SharpProof.Symbolic/SymbolicProofStateFacts.cs	148	148
SharpProof.Symbolic/SymbolicPublicModels.cs	92	92
SharpProof.Symbolic/SymbolicQueryFactSummaries.cs	43	43
SharpProof.Symbolic/SymbolicReachabilityService.cs	72	72
SharpProof.Symbolic/SymbolicRuntimeExceptionFacts.cs	90	90
SharpProof.Symbolic/SymbolicRuntimeHazardCandidate.cs	6	6
SharpProof.Symbolic/SymbolicRuntimeHazardCandidateFactory.cs	71	71
SharpProof.Symbolic/SymbolicRuntimeHazardQueryService.cs	272	272
SharpProof.Symbolic/SymbolicRuntimeHazardSourceCandidateFactory.cs	20	20
SharpProof.Symbolic/SymbolicRuntimeHazardSyntaxFacts.cs	260	260
SharpProof.Symbolic/SymbolicRuntimeTypeFacts.cs	177	177
SharpProof.Symbolic/SymbolicSourceCompilation.cs	74	74
SharpProof.Symbolic/SymbolicSourceInput.cs	7	7
SharpProof.Symbolic/SymbolicSourceLocation.cs	31	31
SharpProof.Symbolic/SymbolicSourceTargetSelector.cs	119	119
SharpProof.Symbolic/SymbolicStateFactBuilder.cs	18	18
SharpProof.Symbolic/SymbolicStateInvalidator.cs	64	64
SharpProof.Symbolic/SymbolicStateValueFacts.cs	152	152
SharpProof.Symbolic/SymbolicStatementStateTransfer.cs	46	46
SharpProof.Symbolic/SymbolicTypeFacts.cs	247	247
SharpProof.Symbolic/SymbolicUnknownReasonClassifier.cs	23	23
SharpProof.Symbolic/SymbolicUnknownReasonTaxonomy.cs	118	118
SharpProof.Symbolic/SymbolicValueFacts.cs	51	51
Tools/SharpProof.SymbolicCli/Program.cs	140	140
